customer_id,age,gender,income,tenure_months,monthly_spend,support_tickets,website_visits,app_usage_hours,satisfaction_score,churn
1,56,Male,65648,5,319.2,2,33,8.01,9,No
2,69,Male,123537,84,228.39,3,12,17.17,8,No
3,46,Male,145991,104,52.53,4,8,19.07,3,No
4,32,Female,29516,108,317.87,0,24,17.73,6,No
5,60,Male,132863,65,660.1,3,16,5.78,3,No
6,25,Male,135005,30,939.54,11,4,4.29,4,No
7,38,Male,22396,21,873.78,11,38,9.75,1,No
8,56,Female,104082,84,770.74,10,44,0.64,5,No
9,36,Female,39129,70,792.68,7,27,1.0,1,No
10,40,Male,148322,22,671.69,9,9,11.29,1,No
11,28,Male,21591,82,275.08,6,47,10.65,10,No
12,28,Male,31303,72,909.05,8,16,19.89,7,Yes
13,41,Male,50561,103,677.32,4,12,4.44,6,No
14,53,Female,91719,32,569.23,12,31,5.53,2,No
15,57,Female,138618,33,128.77,14,24,2.71,2,No
16,41,Female,112108,117,458.11,9,14,18.39,7,No
17,20,Female,148748,16,471.15,3,45,15.67,1,No
18,39,Male,119616,76,867.27,7,25,16.54,2,Yes
19,19,Male,144165,38,555.72,8,34,18.1,8,No
20,41,Male,106231,116,392.79,12,3,10.74,6,No
21,61,Female,27314,98,977.26,6,24,9.3,2,No
22,47,Male,137071,14,128.51,13,42,6.94,7,No
23,55,Female,39623,36,434.1,6,9,11.99,4,No
24,19,Female,87675,97,61.18,4,26,9.36,2,No
25,38,Male,132992,23,745.11,3,20,9.31,6,No
26,50,Male,116826,114,919.72,13,40,18.77,9,No
27,29,Male,85082,109,294.44,9,10,19.69,9,No
28,39,Female,149839,66,861.17,0,19,16.03,8,No
29,61,Male,103624,105,306.37,9,3,15.26,3,No
30,42,Female,125228,85,912.55,9,24,13.77,3,Yes
31,66,Male,53130,2,758.88,6,5,3.74,2,Yes
32,44,Female,71756,91,808.81,0,3,1.65,5,No
33,59,Female,117624,73,37.65,0,27,13.97,4,No
34,45,Male,46292,65,963.55,4,16,14.71,7,No
35,33,Female,131785,75,732.14,12,49,1.42,4,No
36,32,Female,147331,67,318.66,8,15,18.6,9,No
37,64,Male,106206,52,832.81,5,35,2.28,2,No
38,68,Female,89274,62,295.89,2,12,6.08,6,No
39,61,Male,22469,23,875.3,12,41,13.61,7,Yes
40,69,Female,73947,26,130.33,2,44,3.81,4,No
41,20,Male,42534,68,709.61,6,26,1.58,6,No
42,54,Male,83620,82,549.88,5,47,6.96,7,No
43,68,Female,68874,55,114.6,8,34,15.44,4,No
44,24,Female,69708,6,257.06,5,23,8.57,8,No
45,38,Female,94553,35,32.16,4,31,13.23,9,No
46,26,Female,88344,22,479.39,9,20,11.8,1,No
47,56,Female,69138,43,315.24,6,12,0.93,7,Yes
48,35,Male,74302,15,606.39,0,23,19.78,9,No
49,21,Female,67638,86,311.29,11,4,1.31,10,No
50,42,Male,98249,60,313.92,6,23,19.37,5,Yes
51,31,Male,125865,101,748.33,2,48,11.22,2,No
52,67,Female,22719,116,67.18,13,48,19.28,10,No
53,26,Male,42890,106,904.84,8,1,2.74,6,No
54,43,Male,97236,12,855.22,14,25,10.06,7,No
55,19,Male,56509,111,674.45,5,2,3.81,2,No
56,37,Male,62534,49,601.36,8,30,1.49,2,No
57,45,Female,122302,42,894.46,12,3,12.54,10,No
58,64,Male,112241,38,201.62,14,21,4.55,10,No
59,24,Female,38787,82,97.39,4,25,11.96,1,No
60,61,Female,146209,45,254.72,6,20,2.69,4,No
61,25,Male,68845,35,798.69,12,49,6.97,7,No
62,64,Female,77932,30,53.98,13,22,15.74,9,No
63,52,Female,112124,88,591.15,3,21,9.02,3,No
64,31,Female,111659,106,995.53,14,33,12.74,7,No
65,34,Male,53062,30,858.58,6,38,13.13,7,No
66,53,Female,95713,78,531.02,12,15,16.95,7,No
67,67,Female,107263,6,82.37,0,46,6.84,2,No
68,57,Female,115756,67,834.75,6,15,13.9,6,No
69,21,Male,80461,80,607.0,7,46,19.25,2,No
70,19,Female,95418,7,132.63,4,25,14.74,6,No
71,23,Male,86672,52,111.98,1,21,10.05,10,No
72,59,Male,148232,14,911.43,4,24,12.8,3,Yes
73,21,Male,54832,73,675.82,5,5,14.92,2,No
74,46,Male,147335,15,832.7,11,6,12.44,6,No
75,35,Male,51966,21,881.4,1,49,0.83,2,No
76,43,Male,92545,35,580.34,13,43,4.3,5,Yes
77,61,Female,32987,66,527.1,5,48,16.3,2,No
78,51,Male,57311,91,441.82,5,44,5.82,3,No
79,27,Female,51575,2,330.61,0,47,14.77,3,No
80,53,Female,83852,35,445.9,13,23,7.76,6,Yes
81,31,Male,147650,82,778.4,0,4,10.68,6,No
82,48,Female,21007,78,609.88,13,27,1.83,10,No
83,65,Female,90981,20,894.67,10,18,4.03,3,Yes
84,32,Female,96242,82,454.51,9,21,19.17,3,Yes
85,25,Female,67517,10,614.95,2,28,17.86,1,Yes
86,31,Male,130022,25,638.68,13,35,13.22,7,No
87,40,Female,49257,66,599.86,9,22,9.46,8,No
88,57,Male,107272,25,708.58,9,40,13.68,2,Yes
89,38,Female,62207,54,252.68,14,23,12.56,4,Yes
90,33,Female,33281,33,522.12,11,3,11.59,10,No
91,62,Male,81246,36,122.14,2,40,1.65,7,No
92,35,Female,21435,95,396.82,3,10,12.84,8,No
93,64,Female,118875,14,497.91,1,25,15.49,1,No
94,41,Female,120686,65,659.18,8,49,19.88,4,No
95,43,Male,111357,110,951.52,9,8,0.72,6,No
96,42,Female,46660,80,608.64,11,11,14.74,3,No
97,62,Male,25084,54,748.72,10,5,11.65,5,No
98,58,Female,102197,110,516.14,13,45,8.96,10,No
99,46,Male,33507,52,641.42,6,37,2.99,9,No
100,32,Male,92595,3,89.51,6,45,8.48,3,No
101,62,Female,103807,99,269.3,14,38,7.41,5,No
102,18,Female,65539,41,374.62,5,29,6.41,8,No
103,42,Male,135953,6,483.04,14,5,14.75,6,Yes
104,24,Male,27491,25,64.74,2,9,14.16,4,No
105,26,Female,147706,13,157.22,5,48,11.99,8,No
106,41,Male,132831,117,291.28,14,2,18.8,3,Yes
107,18,Female,70192,98,972.1,13,1,7.32,3,No
108,61,Female,100395,8,344.72,11,40,5.25,4,Yes
109,25,Female,143797,21,492.4,7,30,13.29,9,No
110,41,Female,83888,98,212.18,7,11,4.38,5,No
111,28,Male,93609,68,618.56,10,28,6.64,8,Yes
112,68,Female,29077,25,295.07,12,44,4.88,6,No
113,34,Male,137440,79,222.85,8,12,1.85,3,No
114,25,Female,142901,68,526.24,14,39,16.64,8,No
115,52,Male,40953,45,25.4,0,26,5.46,9,No
116,52,Female,96919,60,27.51,13,13,9.72,8,Yes
117,50,Male,134682,12,234.69,0,8,1.34,4,No
118,22,Male,141041,32,55.99,2,28,14.14,6,No
119,59,Female,87889,96,125.87,2,30,6.95,1,No
120,56,Female,43821,92,352.08,9,9,15.02,4,No
121,58,Female,57567,13,806.53,7,39,8.54,8,No
122,45,Female,135374,31,580.61,14,31,4.32,1,No
123,24,Male,44860,78,522.41,9,21,10.51,3,Yes
124,26,Female,41195,20,307.62,0,47,3.04,1,No
125,25,Male,97475,18,933.12,12,34,9.09,9,Yes
126,29,Male,110874,93,409.07,1,31,6.69,2,No
127,51,Female,107266,60,105.35,1,25,18.28,9,No
128,50,Male,41427,63,624.73,2,12,1.69,4,No
129,65,Male,120732,6,131.56,12,1,14.03,2,No
130,40,Male,47083,32,358.32,5,22,4.06,4,No
131,41,Male,107046,93,517.26,0,40,6.72,10,No
132,54,Female,77372,43,876.74,1,37,8.6,6,No
133,52,Female,143786,2,503.68,12,47,18.21,7,Yes
134,61,Female,64064,60,708.21,14,1,5.23,3,No
135,57,Female,27813,23,992.96,12,1,2.28,3,No
136,39,Male,51598,83,148.86,0,42,6.71,10,No
137,44,Male,132718,31,289.24,4,42,2.54,8,No
138,52,Female,146879,115,406.68,12,21,3.01,5,No
139,18,Female,113106,5,433.39,12,15,11.69,4,Yes
140,52,Female,47082,83,422.8,6,17,1.69,7,No
141,54,Male,49241,34,909.46,7,22,1.1,7,No
142,64,Female,116214,10,719.75,9,38,14.43,9,No
143,31,Female,64569,89,615.75,0,35,7.55,9,No
144,20,Female,31745,2,323.19,6,45,2.94,5,No
145,18,Male,46029,11,827.31,12,16,5.45,8,Yes
146,22,Male,33025,50,955.96,4,8,13.02,10,No
147,43,Male,121660,31,824.77,9,47,5.87,1,No
148,31,Male,143395,56,21.53,0,17,10.14,9,No
149,56,Male,34288,79,643.67,2,17,2.87,8,No
150,44,Male,109186,73,70.11,6,26,11.97,6,No
151,26,Male,26540,87,272.46,9,13,6.66,3,No
152,32,Male,117768,83,78.33,0,17,12.73,3,No
153,32,Female,101958,9,611.72,6,38,16.26,8,No
154,43,Female,88878,99,692.86,4,17,12.43,5,No
155,59,Male,61846,21,132.2,0,48,6.27,10,No
156,30,Male,121148,73,396.16,0,14,5.49,7,No
157,68,Female,95932,28,467.11,13,45,6.88,5,Yes
158,49,Male,37482,62,381.67,0,6,3.71,8,No
159,56,Male,43411,110,138.6,10,35,4.03,10,No
160,66,Male,70975,115,430.57,8,46,15.92,10,No
161,69,Female,80545,7,756.15,10,14,8.0,4,Yes
162,49,Female,132302,80,89.59,12,47,9.0,2,No
163,21,Female,98797,16,98.58,2,8,12.08,3,No
164,47,Female,72307,97,367.68,14,15,12.0,8,No
165,54,Female,23093,4,942.89,12,27,1.81,7,No
166,40,Male,97258,4,675.2,4,13,16.72,2,No
167,56,Female,42042,103,685.1,10,49,3.96,6,No
168,62,Male,72930,40,374.68,9,31,14.6,9,No
169,32,Male,137584,17,601.79,11,35,15.57,4,No
170,60,Female,64413,101,29.93,8,6,14.44,9,No
171,46,Female,133387,103,643.37,5,5,11.79,2,Yes
172,53,Male,113623,52,915.02,11,22,0.78,2,No
173,30,Male,117883,93,620.32,8,49,7.53,9,No
174,49,Male,53756,52,876.22,7,23,12.29,7,No
175,24,Female,73268,36,729.49,7,25,8.06,7,No
176,68,Female,59214,38,138.15,0,34,17.34,1,No
177,39,Female,101871,103,904.4,12,26,6.52,6,No
178,45,Female,147844,50,85.11,8,47,6.22,7,No
179,19,Female,48602,63,543.29,5,5,5.69,6,No
180,59,Male,73331,101,159.29,8,26,6.99,6,No
181,62,Female,68901,116,31.47,2,20,11.37,2,No
182,23,Male,119986,63,433.59,11,6,14.29,6,No
183,45,Male,83416,62,309.14,2,6,13.42,4,No
184,45,Male,52196,99,496.28,5,18,16.25,9,No
185,61,Female,148386,7,585.66,8,4,17.78,1,No
186,61,Female,25626,27,62.86,6,17,16.41,8,No
187,37,Female,27424,92,140.54,13,14,0.87,5,No
188,47,Male,32857,86,567.47,12,14,14.85,1,Yes
189,28,Male,130459,14,356.3,2,13,4.56,4,No
190,45,Male,135621,71,734.59,2,7,3.09,1,No
191,42,Male,39982,101,659.25,1,44,12.95,6,No
192,56,Male,96961,86,848.69,8,15,6.73,2,Yes
193,50,Male,21980,5,698.64,12,19,1.61,5,No
194,18,Female,68290,55,441.33,14,43,3.18,7,No
195,44,Female,46431,2,679.51,2,47,0.52,2,No
196,69,Female,104976,62,289.87,10,44,18.11,6,No
197,30,Female,127288,91,320.19,4,35,0.98,6,No
198,58,Male,102711,21,793.21,13,17,4.58,5,No
199,20,Male,134187,118,457.49,13,35,8.62,5,Yes
200,56,Female,46385,102,802.41,8,19,7.45,3,Yes
201,23,Male,58158,79,825.97,7,20,18.28,10,No
202,25,Female,43019,21,860.41,1,36,1.29,10,No
203,44,Female,38639,10,918.3,2,35,10.49,2,Yes
204,26,Female,105530,87,442.37,1,32,13.77,7,No
205,54,Male,119911,58,332.49,7,48,18.67,1,No
206,50,Female,41563,39,590.55,5,44,12.6,6,No
207,68,Female,59341,5,383.75,5,40,16.17,6,No
208,59,Female,135672,65,609.05,11,24,2.13,3,No
209,61,Male,25776,13,711.47,14,17,8.03,2,No
210,41,Male,56444,85,694.64,8,7,7.79,2,No
211,32,Female,88916,90,387.06,7,43,17.78,9,No
212,49,Male,28711,114,183.52,3,1,3.45,5,No
213,49,Male,94318,109,441.92,14,35,3.46,7,No
214,41,Male,102970,85,159.74,11,32,6.91,5,No
215,58,Male,132301,53,892.3,3,36,1.56,7,No
216,69,Male,105553,82,358.96,8,13,4.06,4,No
217,66,Male,50707,101,171.37,0,6,19.32,8,No
218,66,Male,59110,45,44.94,12,14,8.85,10,Yes
219,69,Male,149410,32,652.91,1,37,12.82,10,No
220,29,Male,81788,36,644.16,1,48,14.66,7,No
221,56,Male,102879,81,353.79,12,15,7.66,10,No
222,19,Female,58827,99,90.28,12,47,3.37,5,No
223,20,Female,127188,113,421.44,5,4,4.53,6,No
224,66,Male,25655,60,324.99,14,40,6.61,5,Yes
225,54,Female,64859,11,683.58,3,16,12.9,7,No
226,66,Female,73625,63,613.66,12,28,8.27,2,No
227,34,Male,72098,21,377.3,10,16,0.63,5,No
228,66,Male,35251,52,233.53,9,4,10.71,10,No
229,19,Male,142413,55,988.28,12,45,18.47,3,No
230,19,Female,20526,117,464.92,2,26,16.34,9,No
231,45,Female,88760,26,694.51,2,28,16.59,6,No
232,40,Male,67837,68,157.74,2,32,16.0,10,No
233,54,Male,145133,34,495.88,5,45,6.81,3,No
234,49,Male,149478,52,46.99,13,2,15.42,7,No
235,50,Female,31536,112,515.35,7,31,3.29,4,No
236,18,Female,48541,82,964.74,10,3,13.33,3,No
237,36,Female,99083,104,396.52,6,8,13.01,8,No
238,19,Female,71027,99,58.22,13,24,1.0,4,No
239,61,Male,54531,105,50.34,3,15,15.87,1,Yes
240,43,Male,28712,93,400.23,10,43,18.11,6,No
241,49,Male,124101,52,176.82,11,31,5.71,10,No
242,23,Male,85455,29,42.89,3,9,16.34,1,No
243,49,Female,94744,38,761.09,10,39,2.11,5,No
244,21,Female,141787,42,469.35,9,45,12.2,7,Yes
245,28,Male,149749,21,303.46,14,2,9.97,6,Yes
246,34,Male,25109,42,902.08,10,8,11.15,2,Yes
247,55,Female,141332,13,133.82,10,7,18.56,4,No
248,41,Male,69268,113,956.8,13,44,17.49,2,Yes
249,22,Female,120737,105,327.69,10,39,15.81,1,No
250,69,Male,74615,64,890.64,1,42,5.84,3,No
251,51,Male,102503,17,610.88,13,16,18.28,3,No
252,23,Male,143274,9,830.17,0,35,2.4,7,No
253,39,Male,49759,41,984.33,8,30,17.14,1,No
254,28,Male,105708,1,302.64,11,10,6.9,9,Yes
255,65,Male,80112,2,961.91,14,38,1.55,6,No
256,33,Male,122471,60,401.69,11,18,13.55,4,No
257,50,Female,146740,48,397.8,1,5,5.01,3,No
258,26,Female,143153,29,353.58,12,29,5.25,3,No
259,23,Female,46589,97,550.58,7,39,6.47,2,No
260,33,Female,50015,10,171.06,14,34,1.74,2,No
261,46,Female,49009,114,562.64,8,43,3.95,10,No
262,20,Male,103309,58,550.87,3,45,0.6,5,No
263,37,Male,146446,60,766.66,7,23,9.19,9,No
264,53,Female,82046,104,836.98,8,5,2.14,2,No
265,36,Male,126661,21,451.63,9,30,13.81,2,Yes
266,43,Female,46143,28,316.29,9,6,5.09,6,No
267,20,Female,26154,75,274.15,4,46,18.9,10,No
268,36,Male,41804,119,210.73,12,44,17.49,2,No
269,37,Male,61688,34,76.49,13,4,6.14,4,No
270,49,Male,84288,8,355.6,6,29,15.77,6,No
271,24,Female,71195,59,284.84,9,23,16.16,5,Yes
272,69,Male,40581,86,967.09,3,6,19.74,1,No
273,58,Female,72648,72,566.55,0,32,12.16,6,No
274,50,Female,50087,49,360.33,2,42,2.1,1,No
275,57,Female,69930,79,588.86,4,18,13.11,3,No
276,56,Male,52981,17,156.41,2,15,12.69,10,No
277,35,Male,89298,60,455.16,11,40,12.95,5,Yes
278,57,Female,66167,87,633.71,12,32,6.49,10,No
279,18,Male,95304,88,499.12,10,9,17.26,5,No
280,28,Male,63408,45,413.74,6,37,19.21,10,No
281,45,Male,59499,83,993.97,11,10,4.75,6,No
282,42,Female,145816,69,882.71,8,20,2.22,10,No
283,67,Female,72269,32,630.94,14,6,4.29,8,No
284,40,Male,58559,44,577.99,11,48,16.5,5,No
285,48,Female,134126,65,628.25,5,3,13.69,1,No
286,47,Male,94319,87,217.29,12,42,12.9,5,No
287,59,Male,131925,101,407.23,9,11,8.33,3,No
288,52,Male,115317,8,58.67,0,43,11.77,4,No
289,24,Male,116347,77,486.04,6,17,6.5,8,No
290,33,Female,68787,72,552.16,14,32,9.81,7,No
291,43,Female,55488,87,243.19,2,4,15.96,5,No
292,65,Female,94441,43,964.75,4,4,19.63,2,No
293,69,Male,94663,1,911.27,9,17,18.68,6,No
294,66,Male,42431,109,727.7,3,41,18.71,6,No
295,19,Male,81681,51,542.72,9,19,8.34,10,No
296,18,Female,83483,24,872.57,4,5,9.64,10,Yes
297,65,Male,142720,99,148.04,4,32,14.26,6,No
298,29,Female,69153,24,794.7,5,22,18.48,9,No
299,22,Female,26368,17,142.32,13,6,3.27,8,Yes
300,54,Female,47424,5,798.33,9,35,6.43,8,No
301,49,Female,132360,20,290.25,11,22,3.22,1,No
302,26,Female,65004,21,879.55,9,1,12.43,5,No
303,58,Female,103869,104,945.16,12,20,6.47,7,No
304,52,Male,108652,58,165.82,12,22,6.86,6,No
305,36,Male,132755,31,473.42,10,48,1.88,5,No
306,65,Female,76985,110,981.37,5,11,7.32,8,No
307,33,Female,70069,100,493.74,7,13,17.32,3,Yes
308,20,Male,72326,11,866.28,7,42,5.04,6,No
309,37,Female,128737,52,596.96,10,3,14.06,5,Yes
310,41,Female,101061,15,387.82,8,9,12.78,8,No
311,50,Male,43398,83,300.07,7,12,17.34,4,No
312,41,Female,118393,7,219.16,12,23,3.08,8,No
313,69,Female,70861,115,766.56,10,14,19.56,10,No
314,28,Female,95897,28,398.81,1,33,11.86,2,No
315,66,Male,101905,51,521.05,13,18,19.91,9,No
316,25,Male,147118,107,502.48,13,49,18.27,9,No
317,53,Male,88577,58,585.73,11,41,4.82,10,No
318,55,Female,85641,5,868.27,9,9,1.6,10,Yes
319,57,Female,29078,5,981.12,11,23,5.48,6,Yes
320,37,Male,45003,94,419.43,10,10,10.79,4,Yes
321,52,Female,82768,118,830.97,14,19,3.85,4,No
322,65,Female,71047,96,769.24,0,47,3.77,6,No
323,42,Female,91626,8,582.06,9,5,9.52,5,No
324,52,Female,77660,64,956.93,1,47,1.15,6,No
325,42,Female,124386,10,216.47,1,23,2.88,7,No
326,46,Male,69786,38,127.08,11,30,8.61,7,No
327,35,Female,21925,111,856.88,2,25,1.73,9,No
328,63,Male,103976,96,450.37,9,28,8.24,8,No
329,35,Female,125221,112,850.03,6,34,9.74,6,No
330,19,Male,137832,92,895.23,1,45,9.3,6,No
331,52,Female,145150,81,81.21,13,48,17.45,5,Yes
332,33,Male,46015,95,885.8,0,47,10.84,1,No
333,58,Female,53320,8,459.35,13,25,9.63,9,No
334,53,Male,84881,104,520.22,5,10,8.51,9,No
335,50,Female,110827,25,634.06,8,14,16.44,9,No
336,21,Male,140071,73,927.85,14,42,17.95,8,No
337,50,Female,122215,66,38.73,2,46,17.14,10,No
338,31,Male,46289,79,487.31,5,30,13.63,3,No
339,38,Male,148859,50,693.97,2,41,3.18,1,Yes
340,65,Female,23389,67,728.25,13,25,5.9,8,No
341,37,Female,45683,49,698.68,12,14,1.4,7,No
342,25,Male,33629,36,151.75,0,35,18.65,5,No
343,24,Female,81550,68,313.41,13,48,13.39,10,No
344,20,Male,44826,78,371.54,12,34,15.05,7,No
345,34,Male,120734,105,808.35,11,10,6.58,10,No
346,50,Male,46630,41,293.18,4,35,16.99,4,No
347,65,Female,118762,89,226.49,9,11,5.56,9,No
348,29,Male,66163,119,958.3,13,11,0.53,10,No
349,68,Male,118511,62,28.69,12,21,7.84,2,No
350,39,Female,86435,114,997.86,10,21,11.63,9,No
351,39,Female,31653,10,683.28,3,22,9.83,9,No
352,63,Female,47961,21,831.9,6,45,17.31,5,Yes
353,47,Female,101941,36,308.73,5,7,2.56,1,Yes
354,55,Male,94137,12,34.03,9,17,11.3,7,No
355,55,Male,53662,91,743.11,6,2,10.5,10,No
356,62,Male,118818,104,837.46,4,12,5.99,10,No
357,68,Male,76446,2,745.67,14,42,16.53,4,Yes
358,25,Female,41288,118,159.99,14,18,15.18,9,No
359,44,Male,142555,13,758.36,3,11,14.79,6,No
360,44,Male,115081,53,773.54,6,16,17.59,3,No
361,51,Female,56877,32,665.37,6,49,14.59,6,Yes
362,38,Male,131562,95,770.79,5,18,5.02,10,No
363,47,Male,35313,16,849.0,7,35,14.26,6,Yes
364,50,Male,100885,32,621.33,3,26,6.5,5,No
365,45,Male,92715,32,106.83,9,16,5.22,2,No
366,64,Male,30326,98,497.88,4,6,1.92,10,No
367,50,Male,130091,11,96.1,3,44,15.01,10,No
368,22,Female,145836,10,419.39,11,43,14.36,2,No
369,65,Female,21560,15,418.96,0,47,5.07,7,No
370,36,Male,99148,17,84.69,11,47,15.11,2,Yes
371,21,Male,103186,40,361.84,7,48,18.4,6,No
372,52,Female,46745,18,128.78,0,42,2.61,5,No
373,66,Male,51890,55,812.07,4,12,5.04,4,No
374,34,Male,40022,73,948.73,14,13,15.13,7,Yes
375,61,Male,143629,25,90.87,5,4,5.85,8,No
376,45,Female,72579,104,956.01,5,39,12.68,4,No
377,47,Male,90316,59,532.13,12,2,2.08,1,Yes
378,46,Female,103847,78,313.57,4,26,9.32,1,No
379,63,Male,48380,89,95.32,2,27,14.91,1,No
380,23,Female,130198,114,510.61,14,27,13.89,1,No
381,52,Female,22356,22,798.63,4,15,16.39,5,No
382,58,Male,90326,116,712.94,11,8,17.61,4,Yes
383,54,Female,112447,30,69.22,7,7,15.58,9,No
384,41,Male,134994,84,91.44,13,47,13.6,3,No
385,46,Female,109899,85,414.82,1,46,1.12,7,No
386,66,Male,40049,44,309.38,5,40,10.93,8,No
387,63,Male,95717,32,247.74,8,12,1.24,6,Yes
388,48,Female,125361,51,295.38,7,13,16.26,10,No
389,52,Male,36082,46,807.41,13,43,6.75,1,No
390,50,Male,20661,113,930.64,10,17,11.47,8,No
391,69,Female,57412,21,417.0,7,17,5.95,10,No
392,38,Male,134015,99,907.99,7,36,15.76,3,No
393,49,Male,143191,32,335.07,14,21,17.79,8,No
394,40,Female,22920,94,486.91,12,8,8.27,4,No
395,50,Female,111194,119,241.51,6,5,17.33,8,No
396,20,Male,134306,39,647.67,7,26,5.71,1,No
397,35,Male,80315,113,979.4,12,16,10.93,3,No
398,42,Female,99561,12,611.42,5,36,17.25,6,No
399,59,Female,28946,105,370.66,1,28,6.85,9,No
400,48,Male,114242,47,654.86,1,29,19.1,2,No
401,20,Female,65500,18,140.46,7,47,2.88,1,No
402,57,Male,124540,21,890.89,10,12,0.86,10,No
403,63,Male,36309,13,513.02,0,37,18.13,3,No
404,41,Male,75230,21,460.36,5,30,1.84,4,Yes
405,67,Male,131822,8,594.15,12,23,19.84,5,No
406,49,Male,118656,46,632.29,5,16,19.05,3,No
407,64,Female,143782,104,90.34,10,14,3.17,10,No
408,39,Female,50027,110,688.96,3,10,10.98,2,No
409,40,Female,146768,7,257.09,11,7,4.11,2,No
410,19,Female,92541,23,719.67,10,45,8.85,7,No
411,44,Male,132340,108,826.08,12,37,1.7,9,No
412,59,Male,134846,96,807.88,14,29,4.87,10,No
413,19,Male,79321,75,561.45,10,3,7.58,2,No
414,43,Male,20956,86,529.77,12,15,9.05,7,No
415,34,Female,120375,22,160.02,9,36,19.56,7,No
416,57,Male,94131,107,779.84,2,47,16.25,7,No
417,50,Male,67908,89,285.98,12,46,14.88,3,No
418,26,Female,98339,22,506.76,10,19,10.97,7,Yes
419,60,Female,145659,92,298.59,2,13,16.88,1,No
420,65,Female,45963,29,151.15,14,42,7.12,10,No
421,56,Female,121757,13,636.97,14,21,14.32,1,Yes
422,46,Male,59443,82,73.25,12,37,19.88,5,No
423,59,Male,119259,2,753.67,12,27,6.64,2,No
424,43,Female,59063,29,331.24,0,29,13.64,9,No
425,52,Male,134225,85,20.13,2,20,16.96,7,No
426,67,Male,136400,79,520.91,3,25,18.36,4,No
427,42,Male,100818,52,65.91,10,6,14.5,4,No
428,41,Female,24703,27,290.65,10,36,6.03,2,No
429,30,Male,85128,50,712.84,4,2,6.86,5,No
430,24,Female,92099,95,81.44,2,22,0.9,4,No
431,53,Male,45849,79,842.55,5,32,15.34,1,No
432,62,Male,51860,115,23.74,10,16,1.33,8,No
433,37,Male,51585,23,261.89,13,18,17.36,3,No
434,18,Female,42015,88,746.09,14,5,2.81,6,Yes
435,25,Male,97539,44,329.94,11,36,3.85,4,No
436,63,Female,63585,77,119.85,4,30,9.79,9,No
437,33,Female,46958,22,373.03,2,45,14.89,7,No
438,31,Female,46017,43,284.99,5,19,3.21,9,No
439,29,Male,96707,37,845.86,5,23,9.08,10,No
440,68,Male,144677,61,327.08,14,34,9.92,3,No
441,40,Male,65350,97,793.15,13,13,4.64,1,No
442,32,Male,32201,56,894.03,7,43,2.75,5,No
443,45,Female,49426,3,445.14,1,29,16.81,3,Yes
444,51,Female,37778,63,911.74,0,36,10.3,6,No
445,19,Female,65241,118,389.77,3,22,0.78,8,No
446,49,Male,62229,19,964.8,6,47,16.16,4,No
447,40,Female,106652,23,107.5,14,36,19.63,5,No
448,39,Male,148267,29,693.28,10,9,12.32,5,Yes
449,68,Female,138402,30,503.94,9,39,10.32,4,No
450,42,Male,68364,39,399.9,2,19,17.63,4,No
451,39,Male,118833,108,640.06,2,38,19.07,4,No
452,39,Female,146503,111,709.78,4,6,15.21,4,No
453,66,Female,149044,25,24.28,4,47,9.19,4,Yes
454,69,Female,104878,101,183.61,12,15,12.05,5,No
455,59,Female,77056,111,718.79,9,20,14.17,2,Yes
456,23,Male,47490,8,673.06,2,9,4.29,2,No
457,32,Female,147769,106,966.73,8,32,9.22,9,No
458,60,Female,39975,58,765.82,3,4,16.68,2,No
459,54,Female,46723,16,951.76,12,18,13.27,6,No
460,50,Male,43279,72,708.49,12,5,8.52,2,Yes
461,25,Male,98301,1,312.09,14,20,13.44,5,No
462,61,Female,132214,108,123.26,2,23,2.81,4,No
463,61,Male,31561,5,786.19,10,11,8.33,7,No
464,22,Female,127435,3,651.27,1,37,15.97,7,No
465,56,Male,86061,65,67.22,9,22,4.8,6,No
466,21,Male,108397,4,372.85,12,4,4.13,10,No
467,23,Male,69153,104,957.66,10,29,19.04,5,No
468,62,Male,53142,99,510.39,8,44,4.59,1,No
469,49,Female,46916,96,444.07,3,34,5.59,3,No
470,69,Female,84324,64,468.55,2,13,19.41,9,No
471,47,Female,64965,106,224.71,6,42,14.83,1,No
472,64,Male,145932,98,381.33,7,9,14.14,5,No
473,52,Female,24648,107,382.42,10,42,17.13,2,No
474,57,Female,55133,89,71.31,13,31,2.76,4,No
475,69,Female,70677,10,772.22,1,7,14.27,1,No
476,33,Male,116059,21,428.17,6,4,10.32,3,No
477,30,Male,114588,46,825.74,11,19,16.67,10,No
478,67,Male,119950,103,853.34,4,42,10.41,7,No
479,59,Female,118317,91,227.75,14,30,12.59,10,No
480,47,Female,90135,27,664.21,10,31,9.82,3,No
481,36,Female,55046,66,482.84,4,35,9.82,4,No
482,34,Male,67064,41,882.55,2,21,15.48,2,No
483,36,Male,121459,112,231.43,4,31,12.76,3,No
484,45,Female,126625,13,684.26,11,19,12.85,9,No
485,43,Male,89350,9,615.6,1,31,9.28,3,No
486,54,Male,65893,116,309.4,3,32,10.86,5,No
487,43,Male,121520,36,153.87,5,2,15.04,2,No
488,40,Male,145818,86,658.61,0,10,16.61,4,No
489,26,Female,81272,106,743.83,9,2,14.08,7,No
490,29,Male,112152,90,329.31,3,2,18.52,7,No
491,18,Male,142907,58,651.94,5,24,16.5,3,Yes
492,18,Male,87649,54,407.23,8,17,11.46,5,Yes
493,64,Male,84674,12,718.94,13,32,13.59,1,Yes
494,51,Female,144132,81,215.23,10,16,18.56,10,No
495,49,Female,139044,78,892.41,10,16,12.57,10,No
496,65,Male,128542,14,301.66,12,46,16.58,10,Yes
497,42,Male,33760,34,380.43,1,39,13.93,1,No
498,57,Male,41927,53,76.93,10,31,11.26,5,No
499,62,Male,106475,20,129.28,6,43,5.22,10,No
500,18,Male,81367,75,525.54,5,24,8.81,9,No
501,33,Male,117955,16,282.24,1,1,19.37,1,No
502,56,Female,32588,115,838.77,7,11,13.33,1,No
503,22,Male,141750,95,34.4,6,21,11.51,4,No
504,39,Female,121678,119,391.51,10,4,18.69,4,No
505,46,Female,124734,70,350.6,4,7,11.94,2,No
506,20,Male,138154,56,38.94,11,26,10.76,9,No
507,29,Female,72233,83,141.88,4,47,15.31,9,No
508,43,Female,64738,101,425.37,6,12,14.4,2,No
509,33,Female,53397,58,503.01,8,31,4.27,9,No
510,68,Female,102189,4,416.2,10,17,9.69,6,Yes
511,54,Female,96367,111,540.32,14,33,9.71,8,No
512,39,Female,144873,4,603.23,8,11,7.88,10,No
513,46,Male,91260,20,29.73,8,28,10.59,4,No
514,31,Female,140585,10,474.81,5,32,8.56,2,No
515,45,Female,96619,24,964.23,9,1,4.39,2,No
516,22,Female,131453,118,528.65,5,47,8.54,9,No
517,64,Male,39816,99,683.99,2,28,1.91,1,No
518,66,Female,62240,26,325.63,0,42,11.73,7,No
519,47,Male,26276,37,778.51,6,7,17.15,3,No
520,63,Female,133939,102,777.46,3,2,14.64,3,No
521,69,Male,124199,85,530.87,0,42,7.53,2,No
522,22,Male,99530,54,976.49,14,24,2.2,10,No
523,29,Female,43499,104,143.04,7,4,4.44,6,No
524,33,Female,108576,103,36.61,11,44,11.14,10,No
525,43,Male,128856,21,774.76,5,19,4.54,2,No
526,43,Female,102495,74,811.01,5,26,11.11,10,No
527,65,Male,141717,38,137.8,1,11,5.02,4,No
528,38,Male,91635,46,280.27,14,40,17.05,10,No
529,56,Male,127803,4,37.2,0,43,8.25,9,No
530,53,Male,105112,60,307.44,12,11,5.29,9,No
531,50,Male,55946,57,777.68,13,45,16.34,6,No
532,47,Female,75204,45,527.6,13,3,7.19,4,No
533,54,Male,71886,20,361.13,1,12,2.67,7,No
534,40,Male,91652,17,384.3,3,3,11.62,1,No
535,27,Female,35563,119,21.33,1,42,11.84,4,No
536,22,Male,112324,71,313.8,0,27,14.44,5,No
537,53,Female,112464,4,653.53,6,49,5.18,8,No
538,51,Female,121872,93,974.71,10,2,9.15,2,Yes
539,69,Female,29847,14,850.12,10,49,6.01,5,No
540,48,Male,46155,3,43.12,14,16,2.08,6,Yes
541,27,Male,99671,88,900.59,11,2,17.59,5,No
542,36,Male,136891,101,787.53,7,30,14.71,9,No
543,49,Female,103310,80,784.77,5,20,6.38,10,No
544,18,Male,87278,58,468.84,3,38,12.19,1,No
545,22,Female,38309,55,410.05,13,28,4.42,3,No
546,62,Male,20619,116,316.86,5,25,17.86,2,No
547,21,Female,103194,4,84.38,2,32,2.74,3,No
548,33,Male,70108,24,243.67,11,10,0.57,10,No
549,41,Male,54707,34,261.67,7,42,10.29,9,No
550,33,Male,40337,30,494.4,9,40,11.87,9,No
551,19,Female,145261,82,752.5,13,33,11.79,10,Yes
552,66,Female,101537,19,484.33,12,13,1.56,2,No
553,45,Male,86504,31,76.69,12,41,6.62,3,No
554,49,Male,67614,60,958.63,1,42,10.23,4,No
555,44,Female,111428,60,943.87,4,47,4.72,9,No
556,37,Female,111155,19,789.49,0,37,17.52,3,No
557,41,Female,20281,49,991.5,5,16,2.2,7,No
558,29,Male,47420,63,553.59,1,45,10.0,3,No
559,67,Female,100896,110,963.51,3,22,13.98,7,No
560,52,Male,59030,83,94.09,5,20,5.6,7,No
561,50,Female,21058,22,378.37,9,43,12.67,9,No
562,50,Male,106213,24,240.87,10,27,16.67,2,No
563,68,Female,96260,109,211.92,7,41,4.21,6,No
564,60,Female,48404,76,157.99,11,16,18.39,9,No
565,54,Female,123482,30,629.97,7,34,11.29,2,Yes
566,29,Female,125284,58,785.7,10,32,6.34,2,No
567,20,Female,49856,102,586.73,5,26,8.9,5,No
568,18,Male,29200,117,164.02,3,25,6.59,10,No
569,50,Female,84178,31,814.9,7,2,14.64,10,No
570,57,Female,53997,100,643.24,12,12,16.03,10,No
571,27,Female,45611,64,400.4,7,40,16.74,8,No
572,60,Male,139273,19,680.65,9,9,19.72,9,No
573,61,Female,61235,48,274.71,13,12,15.93,2,Yes
574,46,Male,137428,45,358.29,0,26,12.23,5,No
575,30,Female,55057,100,919.14,3,9,7.11,7,No
576,29,Female,21239,94,304.69,3,10,11.12,6,No
577,48,Male,123674,55,480.59,6,32,1.3,6,Yes
578,63,Female,134474,113,892.34,13,34,15.02,7,No
579,19,Male,85661,55,713.57,13,48,9.2,3,No
580,68,Male,146945,97,80.96,10,20,0.89,3,No
581,67,Female,65272,18,164.36,6,39,1.72,10,Yes
582,52,Male,109393,63,27.68,12,2,8.06,9,No
583,40,Female,81212,116,638.3,10,1,11.88,8,No
584,34,Female,144088,113,458.72,14,36,9.55,5,Yes
585,43,Male,35398,92,151.59,7,24,12.57,6,No
586,25,Male,140030,47,958.78,10,27,9.87,10,No
587,46,Male,76503,75,539.07,4,2,13.4,1,No
588,43,Male,26638,57,257.06,6,31,4.77,10,No
589,27,Female,26570,118,510.59,7,14,2.7,1,No
590,43,Female,88785,45,686.03,14,2,12.13,4,Yes
591,51,Male,29110,33,94.71,8,29,9.95,2,No
592,68,Female,125899,17,289.21,2,15,1.02,7,No
593,58,Female,99141,70,810.83,2,12,7.92,2,Yes
594,24,Female,32115,4,470.47,3,37,2.57,10,No
595,21,Female,59062,20,555.65,4,28,10.86,2,No
596,67,Male,42911,112,444.16,9,20,8.22,5,No
597,62,Male,124061,47,63.02,0,39,12.46,4,No
598,28,Female,52556,91,182.43,14,24,16.21,8,No
599,46,Male,98131,15,456.63,14,21,6.34,4,No
600,53,Male,148335,70,225.0,6,10,19.26,6,No
601,42,Male,21969,47,68.98,8,46,10.94,5,No
602,38,Female,63753,78,846.78,7,14,12.56,2,No
603,53,Female,102811,75,981.57,14,37,13.77,8,Yes
604,27,Female,24470,103,797.28,14,18,13.5,2,No
605,54,Male,141863,9,856.71,4,24,10.46,9,No
606,26,Female,30225,90,257.14,13,14,8.86,9,No
607,41,Female,127860,16,961.41,13,34,1.55,3,No
608,52,Male,143008,69,212.99,3,12,0.93,4,No
609,66,Female,127510,116,952.4,11,22,7.48,8,No
610,52,Female,128295,61,994.92,6,6,7.01,9,No
611,65,Male,43196,10,717.49,4,36,8.06,3,Yes
612,53,Male,125823,50,981.52,6,45,3.2,5,No
613,35,Male,33669,3,578.15,11,36,14.89,8,Yes
614,66,Female,57380,77,274.35,0,22,17.21,3,No
615,56,Female,144398,107,448.26,0,14,18.8,7,No
616,49,Female,130677,113,601.69,9,16,10.1,8,No
617,41,Male,135886,94,91.62,13,36,14.17,10,No
618,40,Male,146753,118,629.9,12,25,17.18,3,No
619,49,Female,68320,109,981.55,2,32,8.66,2,No
620,54,Female,67414,70,206.31,13,33,6.53,10,No
621,29,Male,123542,81,796.74,10,45,18.77,7,No
622,66,Male,35577,109,909.74,1,36,10.56,9,No
623,30,Male,145354,51,944.83,1,20,10.2,1,Yes
624,40,Male,108009,117,960.93,6,18,3.98,3,No
625,42,Female,146365,19,531.03,11,38,2.61,5,No
626,52,Male,75409,42,977.76,9,3,16.92,3,No
627,58,Female,48625,35,762.16,1,23,12.48,1,No
628,47,Female,101040,46,178.44,10,32,6.85,7,No
629,34,Female,44089,26,487.36,3,45,4.24,7,No
630,66,Male,56487,115,723.96,1,16,11.33,10,No
631,37,Male,85838,69,262.39,5,5,11.89,8,No
632,65,Male,116999,93,647.8,7,4,4.54,5,No
633,42,Male,130448,64,673.27,9,21,17.1,10,No
634,39,Female,114795,37,179.45,3,40,2.14,5,No
635,30,Male,70138,84,573.78,14,14,7.44,5,Yes
636,36,Male,62823,49,776.19,4,39,13.77,1,No
637,66,Female,57208,21,508.92,3,31,5.85,10,No
638,53,Male,74061,74,31.86,2,14,16.64,5,No
639,29,Female,50659,64,28.86,4,6,14.93,6,No
640,58,Female,149824,5,369.89,13,12,15.89,1,No
641,36,Female,121376,100,927.67,8,16,2.82,7,Yes
642,29,Female,51890,70,244.1,7,17,3.24,1,No
643,26,Female,99134,90,641.68,7,45,6.09,2,No
644,24,Female,67055,4,237.63,7,23,10.6,2,No
645,45,Female,132269,103,335.24,11,14,15.09,5,No
646,31,Female,39508,39,851.08,7,7,16.81,10,No
647,48,Male,62287,114,734.28,6,46,14.23,7,No
648,69,Male,98916,35,113.49,7,32,18.61,1,No
649,36,Male,46984,1,440.13,10,15,14.91,10,No
650,64,Male,130169,24,48.59,13,44,6.47,1,Yes
651,33,Female,28125,57,491.27,7,17,5.67,1,No
652,22,Male,56059,100,669.19,12,41,14.08,6,No
653,52,Female,89569,70,136.13,13,47,4.26,2,No
654,29,Male,123409,41,303.11,7,44,2.31,1,No
655,42,Male,37087,54,409.88,11,34,10.88,6,No
656,69,Male,126437,46,921.14,9,5,16.52,2,No
657,38,Female,135262,60,993.39,6,45,2.48,6,No
658,53,Male,25704,108,64.01,11,27,15.94,10,No
659,40,Female,80576,60,765.79,0,23,16.33,8,No
660,33,Female,93384,57,384.29,3,40,9.9,2,No
661,56,Male,107128,31,404.61,12,14,1.62,9,No
662,62,Male,131279,84,759.18,12,15,3.9,8,Yes
663,59,Male,92460,24,920.06,3,43,14.29,10,No
664,56,Female,47208,89,951.91,4,33,14.38,1,No
665,31,Male,138516,36,585.58,9,31,18.02,7,No
666,48,Female,149612,85,369.98,5,35,11.86,10,No
667,22,Female,105150,30,791.8,3,17,2.92,6,Yes
668,52,Male,86024,24,265.98,14,28,2.87,6,Yes
669,40,Male,59882,108,572.79,1,19,14.56,6,No
670,46,Female,45923,106,371.41,5,46,4.08,6,No
671,60,Female,146561,30,663.5,14,23,6.9,10,No
672,28,Female,134044,86,255.59,7,32,10.0,7,No
673,35,Male,121477,92,207.76,14,40,0.98,3,No
674,64,Female,49165,7,919.87,7,13,5.35,6,No
675,29,Male,87203,35,119.77,6,20,8.45,3,Yes
676,26,Female,111749,55,515.84,5,35,5.95,7,No
677,27,Female,24114,92,236.44,1,5,3.16,7,No
678,61,Male,84965,14,58.15,14,9,14.7,8,Yes
679,34,Female,56321,10,55.3,6,29,16.36,2,Yes
680,55,Male,93297,80,191.72,10,6,5.52,9,No
681,24,Male,116652,16,869.43,11,25,15.6,5,No
682,63,Female,119304,54,296.83,13,31,8.02,9,No
683,30,Male,133942,95,951.45,13,22,10.38,10,No
684,57,Male,45426,106,589.99,4,2,17.19,5,No
685,59,Female,37772,89,447.88,5,45,15.12,7,No
686,26,Male,123754,77,588.49,9,5,16.2,9,No
687,67,Male,23712,70,526.36,7,27,3.17,4,No
688,44,Male,21367,44,763.6,13,25,1.86,2,No
689,19,Female,126493,73,296.85,7,8,17.92,9,No
690,22,Male,127317,45,365.99,2,1,8.06,2,No
691,46,Female,135142,100,896.21,11,20,6.11,3,No
692,54,Female,111736,56,947.53,11,44,14.63,10,No
693,55,Male,71924,107,894.71,13,23,16.81,2,No
694,36,Male,23726,84,431.06,6,32,17.32,3,No
695,25,Male,109152,82,784.76,0,11,6.66,6,No
696,65,Female,47723,107,486.81,0,39,17.12,3,No
697,62,Male,146969,57,507.59,6,47,1.3,10,No
698,18,Male,123110,21,220.59,14,24,1.47,8,Yes
699,39,Male,120494,68,599.31,14,11,12.66,6,No
700,69,Male,29108,50,202.41,9,29,1.73,7,No
701,34,Male,97714,33,344.93,8,26,6.83,1,No
702,24,Female,55643,91,857.93,6,16,13.62,3,No
703,42,Female,51324,7,222.93,9,35,7.08,3,Yes
704,62,Male,123896,70,89.74,4,20,4.0,2,No
705,21,Male,103360,15,87.63,7,46,5.99,7,No
706,53,Male,130896,82,941.97,1,3,9.42,9,No
707,23,Male,28927,32,516.78,8,1,9.77,4,Yes
708,48,Female,113680,75,421.22,5,47,15.77,5,No
709,36,Male,116546,20,814.66,12,1,15.13,3,No
710,61,Female,42443,88,839.11,8,17,9.41,9,No
711,56,Female,99973,15,345.55,1,2,16.99,4,No
712,44,Male,83449,48,699.75,2,29,2.73,5,No
713,27,Female,129834,71,775.7,11,20,5.48,1,No
714,43,Female,125314,21,661.56,7,6,16.65,2,Yes
715,36,Female,96743,42,168.56,0,8,7.87,9,No
716,56,Female,141805,26,878.37,14,29,19.63,2,No
717,20,Male,80233,108,548.31,9,48,9.59,5,No
718,62,Male,45537,14,296.82,14,33,15.94,8,No
719,30,Female,121293,57,436.72,14,3,8.34,3,Yes
720,67,Male,97576,37,56.82,14,35,8.79,6,No
721,45,Male,127522,58,145.31,6,5,7.97,4,No
722,37,Male,42612,21,770.24,6,27,14.52,7,No
723,45,Male,113977,82,20.01,12,44,11.18,10,No
724,25,Male,26471,69,428.23,0,12,18.9,3,No
725,58,Female,55631,3,532.06,8,20,5.39,6,Yes
726,56,Male,148449,87,73.54,7,45,2.46,10,No
727,18,Male,128997,90,973.62,3,20,8.17,9,No
728,20,Male,112059,37,241.6,9,9,12.53,10,No
729,30,Male,51348,88,318.11,10,39,17.29,1,Yes
730,45,Female,84732,49,317.86,4,4,7.25,3,Yes
731,66,Female,21177,19,245.81,1,19,13.25,2,No
732,42,Female,24760,115,21.44,12,38,7.33,8,No
733,50,Female,52779,89,734.76,8,27,12.54,7,No
734,55,Male,41636,85,967.51,14,45,17.75,2,No
735,23,Female,101889,12,239.81,11,43,5.01,6,No
736,61,Male,73551,61,669.79,11,13,8.38,3,Yes
737,62,Male,31556,41,747.06,5,13,19.87,8,Yes
738,49,Male,47598,33,851.46,2,22,17.44,10,No
739,62,Male,31563,50,434.18,11,28,11.51,3,No
740,64,Male,66819,117,316.87,6,47,10.57,10,No
741,38,Female,129326,68,338.79,8,45,6.05,9,No
742,33,Female,93770,106,718.37,2,22,10.59,1,No
743,38,Female,111055,71,820.44,1,43,17.04,5,No
744,28,Female,46966,86,197.98,6,19,13.86,3,No
745,54,Male,140133,119,383.52,6,8,6.16,6,No
746,53,Female,101709,33,903.9,3,8,4.43,10,No
747,52,Male,79889,81,810.56,10,42,5.67,2,No
748,36,Female,46987,24,985.16,8,26,3.81,9,No
749,37,Male,98714,61,759.16,13,48,2.36,6,No
750,35,Male,124874,61,405.33,7,26,8.67,7,No
751,64,Female,78348,98,598.83,12,23,2.71,5,No
752,58,Male,44596,28,667.79,12,43,3.85,9,Yes
753,66,Male,53174,58,96.89,0,13,11.17,1,No
754,31,Female,84106,43,553.61,0,28,3.71,5,No
755,32,Male,127510,41,715.13,4,9,1.75,10,No
756,48,Female,89967,39,183.97,5,20,6.69,6,Yes
757,18,Female,79182,86,785.02,2,19,4.8,7,No
758,20,Female,113300,49,592.1,12,48,10.55,4,No
759,33,Male,107163,17,953.18,8,39,2.5,1,No
760,40,Male,59310,98,61.57,11,12,15.16,8,No
761,28,Male,76088,70,280.02,9,15,18.17,10,No
762,29,Female,148803,110,609.52,13,31,15.0,4,Yes
763,27,Male,28906,70,310.63,14,14,10.89,3,No
764,49,Female,56914,98,720.14,5,11,17.28,7,No
765,33,Female,130350,65,763.83,3,26,14.05,2,Yes
766,25,Male,65379,74,120.47,11,42,0.71,8,No
767,55,Female,98612,85,523.58,6,27,8.18,6,No
768,29,Male,134828,5,518.71,7,11,17.09,7,No
769,41,Male,147445,2,381.9,8,38,7.24,5,No
770,45,Male,57650,22,934.27,12,34,1.19,9,No
771,25,Male,66881,112,830.96,10,43,15.05,5,No
772,45,Male,66413,57,703.27,5,19,16.14,5,No
773,53,Female,26012,66,720.04,14,6,3.63,3,Yes
774,43,Female,70115,74,472.48,5,46,10.98,1,No
775,25,Female,27151,98,922.57,7,38,4.24,2,No
776,67,Male,77716,16,700.7,11,49,14.53,8,No
777,45,Male,113747,112,734.4,4,42,5.8,1,No
778,45,Male,112653,51,864.46,13,28,6.67,7,No
779,54,Female,56378,39,288.59,2,1,16.98,5,No
780,58,Male,62652,86,810.93,11,35,9.79,3,No
781,53,Female,92430,76,211.34,2,40,13.56,7,No
782,44,Female,33467,88,358.44,12,8,8.35,9,No
783,34,Male,51010,111,348.9,5,47,6.31,2,No
784,26,Male,148647,40,978.95,1,7,12.7,8,No
785,50,Female,141999,38,859.41,5,11,3.52,9,No
786,37,Male,134793,60,707.15,12,39,7.77,3,Yes
787,30,Female,74691,59,732.52,5,4,4.58,2,No
788,45,Male,84157,10,570.83,7,25,14.07,7,No
789,65,Male,128177,99,948.15,6,12,18.91,5,No
790,46,Female,32289,64,506.33,7,26,19.91,5,No
791,30,Male,64976,115,392.91,13,38,9.28,10,No
792,63,Female,63596,63,179.77,8,46,5.42,5,No
793,52,Male,43171,49,790.48,5,12,9.14,4,Yes
794,23,Female,120441,64,739.76,13,43,17.02,5,No
795,35,Female,146296,32,396.67,2,37,4.52,4,No
796,68,Male,106365,7,44.69,9,46,19.07,6,No
797,22,Female,138218,21,842.22,2,24,7.17,4,No
798,64,Male,119590,20,31.19,10,16,19.72,2,No
799,42,Male,134014,26,709.63,11,13,16.85,9,Yes
800,19,Male,64139,68,970.85,0,25,16.27,2,No
801,27,Female,68713,110,448.91,10,4,6.7,9,No
802,47,Female,49734,116,250.27,14,11,0.67,10,No
803,67,Male,92588,86,710.77,12,32,7.95,6,No
804,62,Male,83646,15,820.79,14,49,6.39,9,Yes
805,22,Female,23654,104,555.5,4,7,1.23,9,No
806,50,Male,109022,85,967.69,13,46,10.35,3,No
807,18,Male,38743,79,70.64,3,11,8.36,1,No
808,35,Female,68368,86,514.7,8,28,12.87,1,No
809,49,Male,110025,116,724.08,14,41,12.61,3,No
810,64,Female,94172,92,865.39,8,23,2.85,5,No
811,66,Male,26441,14,195.67,14,45,19.55,3,Yes
812,28,Female,139735,27,804.0,13,23,4.15,9,No
813,38,Male,44611,105,561.65,4,28,9.18,9,No
814,43,Male,139891,40,408.62,9,43,10.02,3,No
815,42,Female,127971,58,149.08,3,47,16.35,3,No
816,39,Male,32149,28,867.99,6,26,2.43,5,No
817,44,Female,120102,26,174.13,14,25,8.86,2,No
818,66,Male,79189,113,323.59,5,29,12.76,6,No
819,30,Female,127904,63,304.24,3,19,4.7,7,No
820,50,Female,41675,66,873.99,12,33,12.74,9,No
821,51,Female,91031,25,679.25,12,36,18.51,6,Yes
822,58,Female,62668,3,800.75,14,14,19.95,3,Yes
823,52,Male,33673,72,265.46,9,14,1.13,5,No
824,18,Male,149582,44,632.38,1,35,5.09,4,No
825,38,Female,96666,97,580.31,0,30,6.55,5,No
826,65,Female,108204,42,836.17,3,28,8.28,8,No
827,23,Female,100758,116,907.97,3,17,5.22,8,No
828,45,Male,85429,99,31.91,12,3,4.47,6,No
829,34,Male,43669,6,680.54,0,16,19.11,1,No
830,22,Male,54068,39,70.8,5,46,18.41,8,No
831,48,Male,108789,52,557.88,3,30,1.42,8,No
832,22,Female,29435,23,301.88,0,29,7.11,2,No
833,55,Female,114088,89,320.64,0,45,8.4,4,No
834,20,Female,72249,50,365.9,14,15,5.16,2,No
835,40,Male,57384,43,628.87,12,46,12.76,4,Yes
836,54,Male,148782,19,347.37,0,25,12.99,10,No
837,54,Male,101929,69,738.05,7,38,17.08,7,No
838,27,Female,147959,51,416.44,9,42,14.95,9,No
839,27,Female,96153,11,86.99,7,47,11.08,8,Yes
840,36,Male,124056,12,788.08,1,38,13.24,9,No
841,34,Female,95388,74,300.04,10,23,5.84,8,No
842,38,Male,51401,8,444.11,12,25,12.06,2,Yes
843,31,Male,145511,24,691.74,6,42,10.04,7,No
844,26,Female,91831,92,345.81,13,7,3.1,2,No
845,63,Male,139503,41,75.45,7,22,5.23,2,No
846,18,Female,135760,36,386.44,7,17,6.19,4,No
847,68,Male,121529,101,945.56,10,18,18.52,1,Yes
848,62,Female,147834,85,648.9,9,49,4.99,5,No
849,30,Female,54084,72,678.05,14,41,6.14,6,No
850,21,Female,140387,55,639.64,10,10,7.7,9,No
851,18,Male,130641,9,215.01,12,10,13.44,10,No
852,66,Male,125111,47,429.97,6,7,2.81,8,No
853,57,Female,75826,15,755.92,4,48,19.1,2,No
854,49,Female,56451,48,119.35,0,38,17.38,1,No
855,51,Male,27227,110,292.3,11,27,11.76,2,No
856,45,Male,51910,104,290.79,8,33,13.64,7,No
857,48,Male,56041,82,443.38,12,1,0.82,4,No
858,25,Female,108920,42,980.76,6,44,7.11,10,No
859,56,Male,85681,60,86.15,1,34,16.02,5,No
860,43,Male,123314,84,528.33,5,4,2.01,7,No
861,51,Female,101571,70,195.78,1,17,6.01,3,No
862,20,Male,85481,12,971.26,14,4,11.91,10,No
863,67,Male,88576,2,131.04,0,43,5.5,2,No
864,29,Male,127958,7,415.53,13,26,18.71,7,Yes
865,18,Female,149265,80,743.13,6,4,3.06,5,No
866,61,Female,147556,3,710.46,12,1,16.05,1,Yes
867,22,Female,84174,109,434.27,1,7,10.4,1,No
868,47,Female,46160,3,359.59,12,30,15.13,9,Yes
869,47,Female,135170,27,409.66,13,9,6.56,5,No
870,34,Female,137867,114,278.99,13,35,10.53,1,No
871,65,Female,37633,107,221.23,1,8,17.21,7,No
872,64,Male,114880,40,493.38,12,24,9.6,9,Yes
873,40,Male,37014,102,283.16,10,19,7.51,1,No
874,32,Female,100532,33,301.71,4,36,10.96,10,No
875,54,Male,69104,92,663.62,13,43,14.49,4,No
876,38,Male,61621,1,969.17,4,27,9.15,3,No
877,31,Female,97231,119,611.56,6,32,18.81,5,No
878,19,Male,88388,8,95.44,0,14,6.25,7,No
879,28,Male,36014,101,94.07,7,18,9.77,8,No
880,68,Male,112578,32,952.39,2,28,15.26,2,No
881,56,Male,53755,48,311.34,3,29,13.94,7,No
882,55,Male,60390,107,110.23,14,16,17.34,1,No
883,51,Female,43711,101,607.06,8,35,19.94,7,No
884,55,Female,111658,4,631.18,3,47,8.82,8,No
885,67,Female,77993,94,655.53,9,31,2.67,2,No
886,51,Male,94696,70,282.05,11,4,1.09,9,No
887,35,Female,47213,110,34.81,14,37,14.67,1,No
888,47,Male,135788,118,965.72,4,17,17.54,6,No
889,32,Male,124956,19,265.88,6,39,4.8,1,Yes
890,44,Male,77784,32,682.51,3,48,3.59,3,No
891,68,Male,27421,9,712.5,13,46,1.71,6,Yes
892,51,Female,106936,12,617.81,0,26,16.54,3,No
893,69,Female,119073,11,326.65,8,48,6.57,8,No
894,55,Male,37727,46,285.67,3,39,8.33,5,No
895,50,Female,132418,119,605.71,8,41,10.3,2,No
896,41,Male,24358,16,868.77,5,4,16.87,4,No
897,32,Female,85108,1,947.8,14,30,13.19,9,Yes
898,47,Female,146609,63,123.79,0,30,12.49,4,No
899,59,Male,114018,109,171.73,11,22,3.93,10,No
900,68,Female,144457,119,945.84,2,11,10.51,10,No
901,34,Male,52117,117,741.8,10,2,14.45,8,No
902,22,Female,108700,21,885.33,1,44,19.48,5,No
903,46,Male,51910,30,218.58,8,12,4.43,10,Yes
904,21,Male,146888,13,595.83,14,30,0.69,1,Yes
905,27,Female,118032,34,707.12,11,36,1.97,7,Yes
906,34,Female,75754,4,686.51,0,18,7.83,3,No
907,27,Male,82438,28,419.99,12,26,16.5,10,No
908,34,Female,129847,102,35.09,13,7,0.64,8,No
909,37,Female,49371,95,591.27,8,1,9.41,3,No
910,41,Male,71501,59,268.04,8,26,6.92,1,No
911,22,Male,80946,119,461.25,7,23,1.52,5,No
912,51,Female,58467,27,958.43,7,26,9.28,2,No
913,23,Male,37625,69,411.05,10,45,5.47,4,No
914,19,Male,53893,25,843.01,13,6,7.36,1,No
915,30,Male,96329,3,204.77,11,6,14.26,9,No
916,60,Female,51007,97,679.01,0,44,10.67,6,No
917,60,Female,111302,68,977.47,10,8,2.93,8,No
918,65,Male,59532,25,119.86,7,24,19.25,4,No
919,28,Female,74253,20,28.15,9,22,12.9,9,No
920,68,Male,32323,34,444.91,13,19,15.43,2,No
921,64,Female,131335,26,110.77,2,37,2.04,9,No
922,40,Male,132356,5,753.42,10,18,1.42,5,No
923,33,Male,130944,99,916.26,6,31,0.88,6,No
924,48,Female,93379,61,445.34,10,37,4.18,3,No
925,28,Male,34210,92,273.54,14,30,8.58,4,No
926,33,Female,36456,93,445.72,0,42,18.75,6,No
927,25,Female,51367,9,728.98,0,33,9.41,7,No
928,21,Male,74624,116,28.87,9,10,6.16,1,No
929,57,Male,30106,102,597.66,12,37,11.46,7,No
930,21,Female,123493,50,621.03,4,12,2.68,1,No
931,42,Male,88008,6,644.93,4,30,12.39,5,No
932,20,Male,145926,83,257.18,7,27,11.58,6,No
933,49,Male,135395,60,719.77,6,39,15.94,2,No
934,20,Male,136492,44,109.56,7,9,19.74,10,No
935,44,Male,92240,11,215.28,5,21,5.39,9,No
936,46,Female,84315,66,879.92,5,12,10.44,10,No
937,49,Female,89249,47,743.95,1,29,18.22,6,No
938,67,Male,90587,108,33.47,5,33,15.81,7,No
939,68,Male,30756,108,263.41,4,43,10.0,10,No
940,36,Male,88011,73,230.12,12,15,18.93,8,No
941,38,Female,56378,85,285.39,2,2,1.62,10,No
942,22,Male,24255,88,262.61,5,39,18.65,1,No
943,35,Female,34484,98,81.28,7,44,1.48,8,No
944,45,Female,145703,86,469.76,8,18,11.17,4,Yes
945,59,Female,76549,3,738.08,0,3,17.86,10,No
946,39,Male,54503,76,614.6,2,7,5.62,8,No
947,38,Female,144465,92,679.41,2,43,9.71,6,No
948,23,Male,93794,30,99.53,10,18,6.82,9,No
949,18,Female,145941,90,952.46,7,44,19.07,4,No
950,22,Male,126283,112,841.72,0,38,16.56,2,No
951,58,Female,120732,21,808.99,4,37,14.33,2,No
952,29,Male,65113,28,826.52,2,33,11.96,5,No
953,43,Female,125730,90,934.06,1,44,16.5,10,No
954,63,Male,94069,62,553.37,14,31,8.15,9,No
955,51,Male,118117,33,216.28,7,11,9.23,3,No
956,66,Male,25249,85,624.45,2,4,14.74,8,No
957,31,Male,145654,35,748.02,6,18,7.48,4,No
958,43,Female,139979,52,743.16,11,4,1.75,6,No
959,62,Female,39201,34,531.02,10,49,1.95,10,No
960,44,Male,145541,41,87.09,0,34,2.75,6,No
961,26,Female,78576,51,383.69,5,29,17.46,3,No
962,43,Male,138562,47,922.35,2,24,9.71,5,No
963,64,Male,145281,82,592.76,7,22,14.4,3,No
964,39,Female,29686,58,547.57,5,2,8.16,1,No
965,64,Male,132413,75,283.48,11,44,5.54,7,Yes
966,47,Male,73363,57,381.08,1,6,7.27,4,No
967,60,Female,117543,23,897.44,5,42,15.99,7,No
968,65,Male,20661,48,673.13,6,25,12.69,3,Yes
969,34,Male,64843,22,791.64,4,21,18.78,5,No
970,43,Male,115673,17,465.26,2,16,13.75,5,No
971,53,Male,80963,69,637.64,3,31,11.62,2,No
972,18,Female,133092,108,263.42,3,14,12.4,10,No
973,25,Female,62828,11,711.35,5,39,18.88,2,No
974,66,Female,68604,94,439.05,9,28,15.87,4,Yes
975,52,Male,30526,15,453.69,0,32,0.97,4,No
976,69,Male,88910,91,656.34,10,28,10.92,4,No
977,32,Female,45592,35,937.56,3,49,13.92,6,No
978,64,Male,48982,33,82.73,9,9,15.1,2,No
979,39,Male,20207,84,828.25,12,45,4.66,6,No
980,31,Male,120969,16,306.54,3,22,17.41,7,No
981,43,Male,137181,34,455.04,9,32,19.14,10,Yes
982,45,Female,108733,66,41.48,0,5,5.12,3,No
983,40,Female,118936,99,315.03,8,23,17.71,8,No
984,31,Female,144982,40,512.58,3,5,2.39,2,No
985,41,Male,145839,28,75.05,6,42,1.59,8,Yes
986,19,Female,88619,47,501.27,11,32,3.02,5,No
987,62,Female,49328,39,928.57,13,10,1.63,2,Yes
988,43,Male,66479,70,123.29,2,39,16.98,7,No
989,31,Male,128427,73,769.15,9,15,1.65,2,Yes
990,68,Female,40103,20,421.48,11,7,5.8,6,Yes
991,24,Female,59891,1,662.07,2,29,2.52,10,No
992,20,Female,30754,72,275.03,13,47,6.26,3,No
993,64,Female,119983,119,176.3,7,3,2.27,9,No
994,40,Male,101437,87,177.25,7,19,13.53,3,No
995,63,Female,118540,63,89.08,10,10,3.1,3,No
996,60,Female,92982,67,201.93,11,28,17.11,5,No
997,64,Male,122747,4,670.93,0,29,16.44,7,Yes
998,62,Female,75922,58,884.06,9,15,0.77,8,Yes
999,35,Male,68231,25,817.84,1,35,17.97,7,No
1000,55,Male,49301,47,691.43,7,6,1.06,9,No
